VXVLDUDGCS,COTPIBZRLD,JSMEZJZCEC,HSOCTNRWQL,OLSPMXPDFY,FLGHGYTJYM,OJLISAKFFN,IYRAWTFPBA,XIJFFVYHOH,VQKZXMVTJC
92,8.5776,YUOOLEowBu,24,3.663,lmeVxHJefO,66,4.3702,mcXufrKfmD,3
19,6.3271,kRwxnjqFbW,7,2.1381,JVSUgnWUBQ,46,8.7444,XuwWjbDNXO,63
43,2.9383,EMXPaBwkrH,54,2.2885,HOkicTTUIu,26,4.8952,IjLBWhKpCA,65
89,9.6277,FnPqCDmBFo,33,3.4221,eEKDOdRNyq,77,6.9276,CfGDzxHDuB,79
75,5.175,vdigZMabDs,54,7.1586,XqcBAOqWgv,14,1.6744,nzmXqRuFSK,82
11,2.617,TuzWASPgug,4,2.6134,BeKVtmTpWp,43,9.3438,gWeJEmRQAo,13
28,10.1057,HIPRFeXEvR,76,7.283,bdcFnIwVqR,6,5.5142,RBQGUZhjfF,83
65,5.0192,ulgsNTdFNL,70,8.6622,kdVYLFhNBQ,87,2.5421,JBHNZVgnft,57
90,6.883,ldpSudGZpU,68,10.121,bqvCzQbrRO,27,9.5262,zZFnSqXNBK,35
70,6.4367,HSjSgYKHvW,25,3.8802,MprUQFlpAR,86,8.283,EkwVEaklTG,57
16,2.3632,rBRXoTmzfU,14,5.0782,XKEekFNHWZ,86,10.1308,qKjLtMMIHA,68
32,3.0717,cWQxEUrJFb,20,7.9862,LLUzOAPVtV,31,2.7079,fOAaVQUyDt,92
68,10.7453,oOmYMOAVAF,36,1.7968,mHJACAoMqm,88,10.4738,YVrmVsvLgn,4
38,1.8312,wKFjUsXCCp,81,5.4877,cXxtKbwznc,45,6.4473,iqCVITGSlH,17
13,5.4359,yXiAHWdpYF,55,10.3094,jNFhVcfRww,41,9.7358,HcubMIGbdJ,69
24,3.8888,XfSpAKVPhr,74,7.1706,qHYcDjoOTT,91,1.4462,KcVljxLrag,16
100,5.988,PEgxbynVMH,85,8.7008,WhrkcnWwUS,62,6.057,VznZodmiCc,3
80,4.3921,tJveEDSiZA,31,8.2449,sRdQXWVIZf,4,5.7755,uhFvHerEKp,11
17,9.0542,oDHNHEmNpD,70,7.2767,JHYvnOvjoE,1,7.4847,VykuwytTYh,94
81,3.4059,JozavKOGcF,99,7.8509,OqUGDsjyjJ,33,9.1259,awFNiRpMgM,82
60,5.5908,XwJsLzynZY,20,5.3481,VSylyzYjKD,87,6.5795,JiUtaaokNu,21
98,8.0335,qshNVEcxrJ,35,9.3806,YfrNpozluH,59,2.6001,IBIBSSkhWi,70
14,3.5228,nEcdkjNeEx,37,3.6077,UpckTcBmST,78,2.1018,VNbSHwgCLX,100
88,6.8562,JMGdDIxdbq,21,9.2144,CeiiMVfTdN,24,1.722,CXoCwLiPDP,80
21,7.5201,zkJfRGvLEY,88,4.2139,asPckyRvlS,98,6.0218,qMEWAyJAwy,34
99,8.3431,PwMDXJSZxH,64,9.0964,DDTEFXDbLh,61,3.1059,OboLdFYWfh,17
96,8.5327,jmRqYtMlEa,88,5.6146,takDgpBgTO,17,3.26,iCjFgLKjZo,63
25,1.3672,IJxyPHAbEC,82,1.0041,UOYvMCcPeC,75,3.981,YJNZiFkmHt,8
74,3.9823,uQFWcTZMhT,66,6.1743,GtUhJghXhn,49,3.9062,zKBxKNeuwn,11
38,2.8204,ZKKonBYZAX,7,7.2381,mebAQiOovD,37,9.2355,QQhwOGUsZk,31
23,2.6354,EWMaexXjQj,22,3.8287,YrSswbRCnE,58,9.5203,tvDrXHdjFY,61
63,5.1978,WkIFgGnECP,33,5.3527,ZqMlelkXfd,67,5.025,EytaDlRzgs,18
36,6.2614,pWoXNZXcrr,30,4.4716,kXtehoRwwL,61,1.9991,HYcJawPcbI,7
1,4.9902,uMQLwUEIXk,12,7.2628,yotfiupCiu,90,4.1815,rFTqSuaGUj,89
89,9.4399,otQbmJbPqd,65,8.4067,BpnIlJibsU,76,7.0985,XnYNCHRxkw,5
22,8.324,wGqUdLVSEF,89,10.5074,vrnZcRXchn,5,2.9547,TYCqhFujub,91
44,6.852,ZzNeiJLBCe,93,4.1823,BRjgXwitQB,75,4.246,GqmytAJNsB,84
60,4.9708,UNsCHHiTRV,44,7.8611,OGAAtWJHax,95,7.7783,EmtTzXIAFU,45
30,1.8254,nqxQvHjsLe,35,3.5696,JYcRosYywB,49,7.2105,tEhsYIzhue,76
27,8.0405,gzwrKrFJXr,79,7.3457,dWsLyiugwj,60,7.436,ujDjFjwxoF,4
6,3.4709,ytbeWXyZkQ,89,7.0534,oHVfmOANMP,11,4.8866,UnnYAynNFP,65
57,5.673,ooKOdpUgdn,15,6.4318,ASKHuCghoH,30,9.179,FctwZncoJl,11
85,7.1373,GygLEtWKAR,73,8.7576,JaPtqleMwm,44,7.2985,ncZAZnJgEJ,7
30,6.6261,HhGIHORcUO,46,4.517,RRwfvcbGSC,40,6.2721,nWTmcQEINY,85
77,3.5182,fgSwFVmbED,53,10.5064,uuXtKuzDKU,65,4.3026,CcEFOgREhw,27
29,10.1938,YytOJzWXpW,81,7.3457,ohluTyJZOs,96,7.9918,QBGhZYHjzP,81
13,8.6323,VpEdqnijAk,34,6.472,xsoVNofAoe,65,9.0046,TNmOHPefwr,71
67,2.8411,yuQhgyBTji,28,1.6839,qgvFUlUVRZ,15,6.1371,ZtiItTwBzi,7
62,4.6869,etaFMnNzAn,80,6.4492,ofsnyaGRhj,79,2.8649,MxvrIOZIID,12
29,3.2282,zttWaWrwsZ,58,6.7908,MBypJDdQxd,94,8.2617,ieQjNNMViV,29
33,2.0343,zwuEncycKO,29,1.0597,wkywzygnMg,31,3.8254,fzWsejjayz,50
37,2.392,XzZgRWuTcN,95,1.2837,qLBsAqzOcg,91,1.255,KQschbiuPJ,28
78,4.2819,oSaHNMUJou,34,8.8308,GifZkRFCvf,33,3.1799,PSVDaZcwNS,16
94,8.0976,MQJeHKMgxv,45,4.1526,OyeWaFFJRD,72,8.2803,vvetIeIOJF,100
10,6.7107,jhECpSBaoE,79,8.4966,NrSPFZSuAk,35,9.1294,xjZtIQiXRM,22
75,3.7066,jDmyLpbNwq,66,9.9678,eUKHCjWgLF,14,7.6531,zElXYlFWQl,36
51,5.72,mPpeDufGMn,37,6.992,lgzxGdCkfN,62,1.4691,XZzgVwzWDQ,14
92,5.2461,YYfssDJSsV,52,5.6046,JhuSbSaNIh,87,2.3695,GJrhQerfuX,88
51,2.1951,UyGohwGkmt,77,7.0962,BzkverJXAP,14,8.1636,NHXhMRhMcU,83
90,1.4011,yViUSFFwxu,66,9.0466,lpgeIVWsJO,40,5.6146,qrDpVFXCoL,41
17,10.4424,IXRhclmbvR,68,7.9679,bjxeyCsAEK,32,8.376,pznucqviRV,22
10,7.5929,pplrmOnWWx,96,5.8464,RykdilwwIl,39,2.0816,WJHqBzheju,54
89,2.6927,GPhEKZYHCN,90,8.2848,ZLlhpGbiYo,13,10.6937,cdVrDTetnu,72
26,7.6563,TezDUyEtOB,50,6.3051,ClzEyRziVF,99,8.2561,eDBejluoTF,28
17,4.3359,fCbCDdDQpS,78,2.2687,TpJjONjTYh,23,3.7376,VIxERKMHGZ,98
63,6.2426,NyvRrDdzsV,6,5.4725,nVrNBoJsDL,92,5.4018,kjTMIqFcgu,16
66,7.0859,KTwrfWpaCn,65,3.297,aiIPpbhzmo,95,4.2367,YZhMMgSlmJ,41
21,5.5578,rNCogLoTtH,28,2.5295,mHUgVsOxxl,40,3.2961,ghsUTJMMuy,3
69,10.2023,DkeyJdEfEm,81,3.1727,OxAcEDkDPu,55,8.3861,vAerHtapvu,45
78,9.1112,olUNVrnTds,36,9.0601,XvkLluxBxF,68,2.9147,GDTsbydRNp,83
44,5.9539,lSdgpcIket,14,7.9019,CsZqzUBBig,36,4.9889,oeiDZZYaeH,77
12,5.8745,IrEtamLpah,57,7.0639,JwSKtFYMOf,92,8.3454,GymnMjZutP,47
70,3.6015,jwJkvnICEu,72,5.0743,CCrCsLYmfI,74,1.9918,PpBsfclyxl,14
51,9.018,zkZxmxyKez,65,6.1434,fdAdLIgRFf,89,4.5281,aDqnQjrSRb,17
62,8.5139,MUjWhqhepr,32,10.0187,KbMKjgmiXI,37,5.6458,nVCMTKRQYe,25
72,2.9844,GTDeOdzqNp,68,7.3266,TahFJZejED,23,9.6056,oIloiEulhM,59
80,5.8811,lXrGhtjUFN,88,2.2352,sIHurvJeTJ,64,6.1751,unrSYuXzHb,9
33,7.9088,SulZIuXYit,24,4.3616,iKONQCktfZ,28,4.8931,nmCwQCRpcy,93
43,9.531,bghvtZCmlP,56,4.5351,gwPUASLirg,67,2.4625,HViIXQZNfQ,7
97,7.2545,aPFMIGeEDd,33,3.9967,MktdWkAnry,96,8.2122,pYJOQvtiaw,13
42,2.3498,puZsmKfiGb,46,7.9017,wuSaCrVkrh,5,9.1884,njXpVYlzkN,23
82,1.6749,ihcKgOnVbz,56,1.2206,UWynsdjMoH,4,9.5085,JAxHEFePiB,70
18,6.0971,HGXMOIrIPs,67,8.3777,MDEcbToxYJ,12,8.6936,RiTsMROeDp,7
43,3.4228,gMaaiLuPzo,68,1.7443,TagSkuwAVg,22,4.7864,haKYLKdxRM,51
20,9.0613,QdMWAZnqzg,72,8.6766,DwdPLvyfaF,46,5.4045,AADVMjyCkB,94
37,10.054,TzJQvilivk,75,3.1657,tbNWKkghMR,2,1.0343,mgZzzFBqvy,52
43,7.5555,EQkghygymD,22,4.0548,BvbXWFslSX,1,8.1657,paObmxCzek,86
72,10.2286,vaQKpjNDdL,50,5.3049,laPwyFAacA,41,9.2107,wbztQsjvtn,30
92,5.5343,cWqGYvXAzX,67,7.9355,CwBdunNZKI,60,5.175,btClnpCymP,26
88,4.1523,QPRBSxeTCR,68,1.8819,hfYosFxwBa,21,4.6923,cFJwGeLRIq,32
9,4.0006,fBggLHeACB,13,5.1176,pprrpkaRJb,97,2.0452,xLgPFTIhEf,56
40,8.4492,PboWAwvRAi,51,6.0369,BBlkkAbrhx,43,5.5514,xBtqlFPSiz,29
87,2.9345,kIlyfrSSdo,44,5.8227,FYwcGskUTZ,28,1.8039,YRPLUiqyvI,67
15,7.741,bPqUZmqnUS,5,8.2913,mRfeidCUVE,23,4.5755,JOzADAQVeq,87
64,6.3456,FYEkXCqnpE,28,4.1052,FKcTiYVWNq,78,2.1343,nWprojBqeX,2
20,2.0252,OABWRWWddr,71,3.278,FVUSxzhWMe,5,8.5317,DhFumLZBpK,61
43,9.1999,jePOODWxjX,60,6.1318,UoauNynuYC,91,7.0356,fPCgYaEaHg,33
69,10.7527,woqeuuTnvh,1,9.6502,VsqWaoMuPc,62,3.573,zauLUbUNtv,38
89,6.8646,ofwLKJGcOF,26,10.6818,WrQxUmvdge,77,9.5593,eksbIPAYAv,17
69,9.0687,EputYDKUDX,14,5.8101,kaSonOMwIb,85,5.6528,nGCQihXTDE,95
